{
  "formatVersion": 1,
  "database": {
    "version": 7,
    "identityHash": "d2679aea13d3c18e58c537164f70e249",
    "entities": [
      {
        "tableName": "recipe_summaries",
        "createSql": "CREATE TABLE IF NOT EXISTS `${TABLE_NAME}` (`remote_id` TEXT NOT NULL, `name` TEXT NOT NULL, `slug` TEXT NOT NULL, `description` TEXT NOT NULL, `date_added` INTEGER NOT NULL, `date_updated` INTEGER NOT NULL, `image_id` TEXT, PRIMARY KEY(`remote_id`))",
        "fields": [
          {
            "fieldPath": "remoteId",
            "columnName": "remote_id",
            "affinity": "TEXT",
            "notNull": true
          },
          {
            "fieldPath": "name",
            "columnName": "name",
            "affinity": "TEXT",
            "notNull": true
          },
          {
            "fieldPath": "slug",
            "columnName": "slug",
            "affinity": "TEXT",
            "notNull": true
          },
          {
            "fieldPath": "description",
            "columnName": "description",
            "affinity": "TEXT",
            "notNull": true
          },
          {
            "fieldPath": "dateAdded",
            "columnName": "date_added",
            "affinity": "INTEGER",
            "notNull": true
          },
          {
            "fieldPath": "dateUpdated",
            "columnName": "date_updated",
            "affinity": "INTEGER",
            "notNull": true
          },
          {
            "fieldPath": "imageId",
            "columnName": "image_id",
            "affinity": "TEXT",
            "notNull": false
          }
        ],
        "primaryKey": {
          "columnNames": [
            "remote_id"
          ],
          "autoGenerate": false
        },
        "indices": [],
        "foreignKeys": []
      },
      {
        "tableName": "recipe",
        "createSql": "CREATE TABLE IF NOT EXISTS `${TABLE_NAME}` (`remote_id` TEXT NOT NULL, `recipe_yield` TEXT NOT NULL, `disable_amounts` INTEGER NOT NULL DEFAULT true, PRIMARY KEY(`remote_id`))",
        "fields": [
          {
            "fieldPath": "remoteId",
            "columnName": "remote_id",
            "affinity": "TEXT",
            "notNull": true
          },
          {
            "fieldPath": "recipeYield",
            "columnName": "recipe_yield",
            "affinity": "TEXT",
            "notNull": true
          },
          {
            "fieldPath": "disableAmounts",
            "columnName": "disable_amounts",
            "affinity": "INTEGER",
            "notNull": true,
            "defaultValue": "true"
          }
        ],
        "primaryKey": {
          "columnNames": [
            "remote_id"
          ],
          "autoGenerate": false
        },
        "indices": [],
        "foreignKeys": []
      },
      {
        "tableName": "recipe_ingredient",
        "createSql": "CREATE TABLE IF NOT EXISTS `${TABLE_NAME}` (`local_id` INTEGER PRIMARY KEY AUTOINCREMENT NOT NULL, `recipe_id` TEXT NOT NULL, `note` TEXT NOT NULL, `food` TEXT, `unit` TEXT, `quantity` REAL, `title` TEXT)",
        "fields": [
          {
            "fieldPath": "localId",
            "columnName": "local_id",
            "affinity": "INTEGER",
            "notNull": true
          },
          {
            "fieldPath": "recipeId",
            "columnName": "recipe_id",
            "affinity": "TEXT",
            "notNull": true
          },
          {
            "fieldPath": "note",
            "columnName": "note",
            "affinity": "TEXT",
            "notNull": true
          },
          {
            "fieldPath": "food",
            "columnName": "food",
            "affinity": "TEXT",
            "notNull": false
          },
          {
            "fieldPath": "unit",
            "columnName": "unit",
            "affinity": "TEXT",
            "notNull": false
          },
          {
            "fieldPath": "quantity",
            "columnName": "quantity",
            "affinity": "REAL",
            "notNull": false
          },
          {
            "fieldPath": "title",
            "columnName": "title",
            "affinity": "TEXT",
            "notNull": false
          }
        ],
        "primaryKey": {
          "columnNames": [
            "local_id"
          ],
          "autoGenerate": true
        },
        "indices": [],
        "foreignKeys": []
      },
      {
        "tableName": "recipe_instruction",
        "createSql": "CREATE TABLE IF NOT EXISTS `${TABLE_NAME}` (`local_id` INTEGER PRIMARY KEY AUTOINCREMENT NOT NULL, `recipe_id` TEXT NOT NULL, `text` TEXT NOT NULL)",
        "fields": [
          {
            "fieldPath": "localId",
            "columnName": "local_id",
            "affinity": "INTEGER",
            "notNull": true
          },
          {
            "fieldPath": "recipeId",
            "columnName": "recipe_id",
            "affinity": "TEXT",
            "notNull": true
          },
          {
            "fieldPath": "text",
            "columnName": "text",
            "affinity": "TEXT",
            "notNull": true
          }
        ],
        "primaryKey": {
          "columnNames": [
            "local_id"
          ],
          "autoGenerate": true
        },
        "indices": [],
        "foreignKeys": []
      }
    ],
    "views": [],
    "setupQueries": [
      "CREATE TABLE IF NOT EXISTS room_master_table (id INTEGER PRIMARY KEY,identity_hash TEXT)",
      "INSERT OR REPLACE INTO room_master_table (id,identity_hash) VALUES(42, 'd2679aea13d3c18e58c537164f70e249')"
    ]
  }
}